return_period_yr,asset,segment,length_m,value_usd,peak_depth_m,duration_h,damage_ratio,damage_usd
1.5,A - Coastal Highway,A01,100,240000,0.000,0.00,0.0000,0
1.5,A - Coastal Highway,A02,100,240000,0.000,0.00,0.0000,0
1.5,A - Coastal Highway,A03,100,240000,0.000,0.00,0.0000,0
1.5,A - Coastal Highway,A04,100,240000,0.000,0.00,0.0000,0
1.5,A - Coastal Highway,A05,100,240000,0.000,0.00,0.0000,0
1.5,A - Coastal Highway,A06,100,240000,0.000,15.00,0.0000,0
1.5,A - Coastal Highway,A07,100,240000,0.000,15.00,0.0000,0
1.5,A - Coastal Highway,A08,100,240000,0.000,0.00,0.0000,0
1.5,A - Coastal Highway,A09,100,240000,0.000,0.00,0.0000,0
1.5,A - Coastal Highway,A10,100,240000,0.000,0.00,0.0000,0
1.5,A - Coastal Highway,A11,100,240000,0.000,0.00,0.0000,0
1.5,A - Coastal Highway,A12,100,240000,0.000,0.00,0.0000,0
1.5,B - Access Causeway,B01,100,320000,0.000,0.00,0.0000,0
1.5,B - Access Causeway,B02,100,320000,0.000,0.00,0.0000,0
1.5,B - Access Causeway,B03,100,320000,0.000,0.00,0.0000,0
1.5,B - Access Causeway,B04,100,320000,0.000,0.00,0.0000,0
1.5,B - Access Causeway,B05,100,320000,0.000,0.00,0.0000,0
1.5,C - Inland Arterial,C01,100,200000,0.000,0.00,0.0000,0
1.5,C - Inland Arterial,C02,100,200000,0.000,0.00,0.0000,0
1.5,C - Inland Arterial,C03,100,200000,0.000,0.00,0.0000,0
1.5,C - Inland Arterial,C04,100,200000,0.000,0.00,0.0000,0
1.5,C - Inland Arterial,C05,100,200000,0.000,0.00,0.0000,0
1.5,C - Inland Arterial,C06,100,200000,0.000,0.00,0.0000,0
1.5,C - Inland Arterial,C07,100,200000,0.000,0.00,0.0000,0
1.5,C - Inland Arterial,C08,100,200000,0.000,0.00,0.0000,0
1.5,C - Inland Arterial,C09,100,200000,0.000,0.00,0.0000,0
1.5,C - Inland Arterial,C10,100,200000,0.000,0.00,0.0000,0
1.5,C - Inland Arterial,C11,100,200000,0.000,0.00,0.0000,0
1.5,C - Inland Arterial,C12,100,200000,0.000,0.00,0.0000,0
2,A - Coastal Highway,A01,100,240000,0.000,0.00,0.0000,0
2,A - Coastal Highway,A02,100,240000,0.000,0.00,0.0000,0
2,A - Coastal Highway,A03,100,240000,0.000,0.00,0.0000,0
2,A - Coastal Highway,A04,100,240000,0.000,0.00,0.0000,0
2,A - Coastal Highway,A05,100,240000,0.000,0.00,0.0000,0
2,A - Coastal Highway,A06,100,240000,0.000,15.04,0.0000,0
2,A - Coastal Highway,A07,100,240000,0.000,15.04,0.0000,0
2,A - Coastal Highway,A08,100,240000,0.000,0.00,0.0000,0
2,A - Coastal Highway,A09,100,240000,0.000,0.00,0.0000,0
2,A - Coastal Highway,A10,100,240000,0.000,0.00,0.0000,0
2,A - Coastal Highway,A11,100,240000,0.000,0.00,0.0000,0
2,A - Coastal Highway,A12,100,240000,0.000,0.00,0.0000,0
2,B - Access Causeway,B01,100,320000,0.039,0.00,0.0000,0
2,B - Access Causeway,B02,100,320000,0.040,0.00,0.0000,0
2,B - Access Causeway,B03,100,320000,0.040,0.00,0.0000,0
2,B - Access Causeway,B04,100,320000,0.040,0.00,0.0000,0
2,B - Access Causeway,B05,100,320000,0.040,0.00,0.0000,0
2,C - Inland Arterial,C01,100,200000,0.000,0.00,0.0000,0
2,C - Inland Arterial,C02,100,200000,0.000,0.00,0.0000,0
2,C - Inland Arterial,C03,100,200000,0.000,0.00,0.0000,0
2,C - Inland Arterial,C04,100,200000,0.000,0.00,0.0000,0
2,C - Inland Arterial,C05,100,200000,0.000,0.00,0.0000,0
2,C - Inland Arterial,C06,100,200000,0.000,0.00,0.0000,0
2,C - Inland Arterial,C07,100,200000,0.000,0.00,0.0000,0
2,C - Inland Arterial,C08,100,200000,0.000,0.00,0.0000,0
2,C - Inland Arterial,C09,100,200000,0.000,0.00,0.0000,0
2,C - Inland Arterial,C10,100,200000,0.000,0.00,0.0000,0
2,C - Inland Arterial,C11,100,200000,0.000,0.00,0.0000,0
2,C - Inland Arterial,C12,100,200000,0.000,0.00,0.0000,0
3,A - Coastal Highway,A01,100,240000,0.000,0.00,0.0000,0
3,A - Coastal Highway,A02,100,240000,0.000,0.00,0.0000,0
3,A - Coastal Highway,A03,100,240000,0.000,0.00,0.0000,0
3,A - Coastal Highway,A04,100,240000,0.000,0.00,0.0000,0
3,A - Coastal Highway,A05,100,240000,0.000,0.00,0.0000,0
3,A - Coastal Highway,A06,100,240000,0.000,15.07,0.0000,0
3,A - Coastal Highway,A07,100,240000,0.000,15.07,0.0000,0
3,A - Coastal Highway,A08,100,240000,0.000,0.00,0.0000,0
3,A - Coastal Highway,A09,100,240000,0.000,0.00,0.0000,0
3,A - Coastal Highway,A10,100,240000,0.000,0.00,0.0000,0
3,A - Coastal Highway,A11,100,240000,0.000,0.00,0.0000,0
3,A - Coastal Highway,A12,100,240000,0.000,0.00,0.0000,0
3,B - Access Causeway,B01,100,320000,0.106,0.96,0.0000,0
3,B - Access Causeway,B02,100,320000,0.106,0.95,0.0000,0
3,B - Access Causeway,B03,100,320000,0.107,0.96,0.0000,0
3,B - Access Causeway,B04,100,320000,0.107,0.96,0.0000,0
3,B - Access Causeway,B05,100,320000,0.107,0.96,0.0000,0
3,C - Inland Arterial,C01,100,200000,0.000,0.00,0.0000,0
3,C - Inland Arterial,C02,100,200000,0.000,0.00,0.0000,0
3,C - Inland Arterial,C03,100,200000,0.000,0.00,0.0000,0
3,C - Inland Arterial,C04,100,200000,0.000,0.00,0.0000,0
3,C - Inland Arterial,C05,100,200000,0.000,0.00,0.0000,0
3,C - Inland Arterial,C06,100,200000,0.000,0.00,0.0000,0
3,C - Inland Arterial,C07,100,200000,0.000,0.00,0.0000,0
3,C - Inland Arterial,C08,100,200000,0.000,0.00,0.0000,0
3,C - Inland Arterial,C09,100,200000,0.000,0.00,0.0000,0
3,C - Inland Arterial,C10,100,200000,0.000,0.00,0.0000,0
3,C - Inland Arterial,C11,100,200000,0.000,0.00,0.0000,0
3,C - Inland Arterial,C12,100,200000,0.000,0.00,0.0000,0
5,A - Coastal Highway,A01,100,240000,0.000,0.00,0.0000,0
5,A - Coastal Highway,A02,100,240000,0.000,0.00,0.0000,0
5,A - Coastal Highway,A03,100,240000,0.000,0.00,0.0000,0
5,A - Coastal Highway,A04,100,240000,0.000,0.00,0.0000,0
5,A - Coastal Highway,A05,100,240000,0.000,0.00,0.0000,0
5,A - Coastal Highway,A06,100,240000,0.000,15.11,0.0000,0
5,A - Coastal Highway,A07,100,240000,0.000,15.11,0.0000,0
5,A - Coastal Highway,A08,100,240000,0.000,0.00,0.0000,0
5,A - Coastal Highway,A09,100,240000,0.000,0.00,0.0000,0
5,A - Coastal Highway,A10,100,240000,0.000,0.00,0.0000,0
5,A - Coastal Highway,A11,100,240000,0.000,0.00,0.0000,0
5,A - Coastal Highway,A12,100,240000,0.000,0.00,0.0000,0
5,B - Access Causeway,B01,100,320000,0.175,1.43,0.0000,0
5,B - Access Causeway,B02,100,320000,0.175,1.42,0.0000,0
5,B - Access Causeway,B03,100,320000,0.175,1.43,0.0000,0
5,B - Access Causeway,B04,100,320000,0.176,1.43,0.0000,0
5,B - Access Causeway,B05,100,320000,0.176,1.43,0.0000,0
5,C - Inland Arterial,C01,100,200000,0.000,0.00,0.0000,0
5,C - Inland Arterial,C02,100,200000,0.000,0.00,0.0000,0
5,C - Inland Arterial,C03,100,200000,0.000,0.00,0.0000,0
5,C - Inland Arterial,C04,100,200000,0.000,0.00,0.0000,0
5,C - Inland Arterial,C05,100,200000,0.000,0.00,0.0000,0
5,C - Inland Arterial,C06,100,200000,0.000,0.00,0.0000,0
5,C - Inland Arterial,C07,100,200000,0.000,0.00,0.0000,0
5,C - Inland Arterial,C08,100,200000,0.000,0.00,0.0000,0
5,C - Inland Arterial,C09,100,200000,0.000,0.00,0.0000,0
5,C - Inland Arterial,C10,100,200000,0.000,0.00,0.0000,0
5,C - Inland Arterial,C11,100,200000,0.000,0.00,0.0000,0
5,C - Inland Arterial,C12,100,200000,0.000,0.00,0.0000,0
10,A - Coastal Highway,A01,100,240000,0.006,0.00,0.0000,0
10,A - Coastal Highway,A02,100,240000,0.006,0.00,0.0000,0
10,A - Coastal Highway,A03,100,240000,0.006,0.00,0.0000,0
10,A - Coastal Highway,A04,100,240000,0.005,0.00,0.0000,0
10,A - Coastal Highway,A05,100,240000,0.005,0.00,0.0000,0
10,A - Coastal Highway,A06,100,240000,0.009,15.14,0.0000,0
10,A - Coastal Highway,A07,100,240000,0.009,15.14,0.0000,0
10,A - Coastal Highway,A08,100,240000,0.005,0.00,0.0000,0
10,A - Coastal Highway,A09,100,240000,0.005,0.00,0.0000,0
10,A - Coastal Highway,A10,100,240000,0.006,0.00,0.0000,0
10,A - Coastal Highway,A11,100,240000,0.006,0.00,0.0000,0
10,A - Coastal Highway,A12,100,240000,0.006,0.00,0.0000,0
10,B - Access Causeway,B01,100,320000,0.254,1.83,0.0216,6924
10,B - Access Causeway,B02,100,320000,0.254,1.82,0.0217,6953
10,B - Access Causeway,B03,100,320000,0.254,1.82,0.0218,6974
10,B - Access Causeway,B04,100,320000,0.255,1.82,0.0218,6988
10,B - Access Causeway,B05,100,320000,0.255,1.82,0.0218,6991
10,C - Inland Arterial,C01,100,200000,0.000,0.00,0.0000,0
10,C - Inland Arterial,C02,100,200000,0.000,0.00,0.0000,0
10,C - Inland Arterial,C03,100,200000,0.000,0.00,0.0000,0
10,C - Inland Arterial,C04,100,200000,0.000,0.00,0.0000,0
10,C - Inland Arterial,C05,100,200000,0.000,0.00,0.0000,0
10,C - Inland Arterial,C06,100,200000,0.000,0.00,0.0000,0
10,C - Inland Arterial,C07,100,200000,0.000,0.00,0.0000,0
10,C - Inland Arterial,C08,100,200000,0.000,0.00,0.0000,0
10,C - Inland Arterial,C09,100,200000,0.000,0.00,0.0000,0
10,C - Inland Arterial,C10,100,200000,0.000,0.00,0.0000,0
10,C - Inland Arterial,C11,100,200000,0.000,0.00,0.0000,0
10,C - Inland Arterial,C12,100,200000,0.000,0.00,0.0000,0
15,A - Coastal Highway,A01,100,240000,0.050,0.00,0.0000,0
15,A - Coastal Highway,A02,100,240000,0.050,0.00,0.0000,0
15,A - Coastal Highway,A03,100,240000,0.050,0.00,0.0000,0
15,A - Coastal Highway,A04,100,240000,0.050,0.00,0.0000,0
15,A - Coastal Highway,A05,100,240000,0.050,0.00,0.0000,0
15,A - Coastal Highway,A06,100,240000,0.050,15.16,0.0000,0
15,A - Coastal Highway,A07,100,240000,0.050,15.16,0.0000,0
15,A - Coastal Highway,A08,100,240000,0.050,0.00,0.0000,0
15,A - Coastal Highway,A09,100,240000,0.050,0.01,0.0000,0
15,A - Coastal Highway,A10,100,240000,0.050,0.02,0.0000,0
15,A - Coastal Highway,A11,100,240000,0.050,0.02,0.0000,0
15,A - Coastal Highway,A12,100,240000,0.050,0.02,0.0000,0
15,B - Access Causeway,B01,100,320000,0.296,2.00,0.0382,12228
15,B - Access Causeway,B02,100,320000,0.296,1.99,0.0383,12260
15,B - Access Causeway,B03,100,320000,0.296,1.99,0.0384,12286
15,B - Access Causeway,B04,100,320000,0.296,1.99,0.0385,12304
15,B - Access Causeway,B05,100,320000,0.296,1.99,0.0385,12316
15,C - Inland Arterial,C01,100,200000,0.000,0.00,0.0000,0
15,C - Inland Arterial,C02,100,200000,0.000,0.00,0.0000,0
15,C - Inland Arterial,C03,100,200000,0.000,0.00,0.0000,0
15,C - Inland Arterial,C04,100,200000,0.000,0.00,0.0000,0
15,C - Inland Arterial,C05,100,200000,0.000,0.00,0.0000,0
15,C - Inland Arterial,C06,100,200000,0.000,0.00,0.0000,0
15,C - Inland Arterial,C07,100,200000,0.000,0.00,0.0000,0
15,C - Inland Arterial,C08,100,200000,0.000,0.00,0.0000,0
15,C - Inland Arterial,C09,100,200000,0.000,0.00,0.0000,0
15,C - Inland Arterial,C10,100,200000,0.000,0.00,0.0000,0
15,C - Inland Arterial,C11,100,200000,0.000,0.00,0.0000,0
15,C - Inland Arterial,C12,100,200000,0.000,0.00,0.0000,0
25,A - Coastal Highway,A01,100,240000,0.096,0.84,0.0000,0
25,A - Coastal Highway,A02,100,240000,0.096,0.84,0.0000,0
25,A - Coastal Highway,A03,100,240000,0.096,0.84,0.0000,0
25,A - Coastal Highway,A04,100,240000,0.096,0.84,0.0000,0
25,A - Coastal Highway,A05,100,240000,0.096,0.84,0.0000,0
25,A - Coastal Highway,A06,100,240000,0.096,15.19,0.0000,0
25,A - Coastal Highway,A07,100,240000,0.096,15.19,0.0000,0
25,A - Coastal Highway,A08,100,240000,0.096,0.84,0.0000,0
25,A - Coastal Highway,A09,100,240000,0.096,0.84,0.0000,0
25,A - Coastal Highway,A10,100,240000,0.096,0.84,0.0000,0
25,A - Coastal Highway,A11,100,240000,0.096,0.84,0.0000,0
25,A - Coastal Highway,A12,100,240000,0.096,0.84,0.0000,0
25,B - Access Causeway,B01,100,320000,0.343,2.18,0.0638,20423
25,B - Access Causeway,B02,100,320000,0.343,2.17,0.0639,20437
25,B - Access Causeway,B03,100,320000,0.343,2.17,0.0639,20447
25,B - Access Causeway,B04,100,320000,0.343,2.17,0.0639,20456
25,B - Access Causeway,B05,100,320000,0.344,2.17,0.0639,20459
25,C - Inland Arterial,C01,100,200000,0.000,0.00,0.0000,0
25,C - Inland Arterial,C02,100,200000,0.000,0.00,0.0000,0
25,C - Inland Arterial,C03,100,200000,0.000,0.00,0.0000,0
25,C - Inland Arterial,C04,100,200000,0.000,0.00,0.0000,0
25,C - Inland Arterial,C05,100,200000,0.000,0.00,0.0000,0
25,C - Inland Arterial,C06,100,200000,0.000,0.00,0.0000,0
25,C - Inland Arterial,C07,100,200000,0.000,0.00,0.0000,0
25,C - Inland Arterial,C08,100,200000,0.000,0.00,0.0000,0
25,C - Inland Arterial,C09,100,200000,0.000,0.00,0.0000,0
25,C - Inland Arterial,C10,100,200000,0.000,0.00,0.0000,0
25,C - Inland Arterial,C11,100,200000,0.000,0.00,0.0000,0
25,C - Inland Arterial,C12,100,200000,0.000,0.00,0.0000,0
50,A - Coastal Highway,A01,100,240000,0.154,1.25,0.0000,0
50,A - Coastal Highway,A02,100,240000,0.154,1.25,0.0000,0
50,A - Coastal Highway,A03,100,240000,0.154,1.26,0.0000,0
50,A - Coastal Highway,A04,100,240000,0.154,1.26,0.0000,0
50,A - Coastal Highway,A05,100,240000,0.154,1.25,0.0000,0
50,A - Coastal Highway,A06,100,240000,0.154,15.21,0.0000,0
50,A - Coastal Highway,A07,100,240000,0.154,15.21,0.0000,0
50,A - Coastal Highway,A08,100,240000,0.154,1.25,0.0000,0
50,A - Coastal Highway,A09,100,240000,0.154,1.25,0.0000,0
50,A - Coastal Highway,A10,100,240000,0.154,1.25,0.0000,0
50,A - Coastal Highway,A11,100,240000,0.154,1.25,0.0000,0
50,A - Coastal Highway,A12,100,240000,0.154,1.25,0.0000,0
50,B - Access Causeway,B01,100,320000,0.403,2.38,0.0966,30925
50,B - Access Causeway,B02,100,320000,0.403,2.37,0.0967,30938
50,B - Access Causeway,B03,100,320000,0.403,2.37,0.0967,30946
50,B - Access Causeway,B04,100,320000,0.403,2.37,0.0967,30954
50,B - Access Causeway,B05,100,320000,0.403,2.37,0.0967,30957
50,C - Inland Arterial,C01,100,200000,0.000,0.00,0.0000,0
50,C - Inland Arterial,C02,100,200000,0.000,0.00,0.0000,0
50,C - Inland Arterial,C03,100,200000,0.000,0.00,0.0000,0
50,C - Inland Arterial,C04,100,200000,0.000,0.00,0.0000,0
50,C - Inland Arterial,C05,100,200000,0.000,0.00,0.0000,0
50,C - Inland Arterial,C06,100,200000,0.000,0.00,0.0000,0
50,C - Inland Arterial,C07,100,200000,0.000,0.00,0.0000,0
50,C - Inland Arterial,C08,100,200000,0.000,0.00,0.0000,0
50,C - Inland Arterial,C09,100,200000,0.000,0.00,0.0000,0
50,C - Inland Arterial,C10,100,200000,0.000,0.00,0.0000,0
50,C - Inland Arterial,C11,100,200000,0.000,0.00,0.0000,0
50,C - Inland Arterial,C12,100,200000,0.000,0.00,0.0000,0
100,A - Coastal Highway,A01,100,240000,0.209,1.55,0.0038,908
100,A - Coastal Highway,A02,100,240000,0.209,1.55,0.0038,907
100,A - Coastal Highway,A03,100,240000,0.209,1.55,0.0038,905
100,A - Coastal Highway,A04,100,240000,0.209,1.55,0.0038,907
100,A - Coastal Highway,A05,100,240000,0.209,1.54,0.0038,909
100,A - Coastal Highway,A06,100,240000,0.209,15.24,0.0038,908
100,A - Coastal Highway,A07,100,240000,0.209,15.24,0.0038,902
100,A - Coastal Highway,A08,100,240000,0.209,1.54,0.0038,905
100,A - Coastal Highway,A09,100,240000,0.209,1.55,0.0038,907
100,A - Coastal Highway,A10,100,240000,0.209,1.55,0.0038,909
100,A - Coastal Highway,A11,100,240000,0.209,1.55,0.0038,909
100,A - Coastal Highway,A12,100,240000,0.209,1.55,0.0038,908
100,B - Access Causeway,B01,100,320000,0.457,2.54,0.1265,40482
100,B - Access Causeway,B02,100,320000,0.458,2.53,0.1267,40530
100,B - Access Causeway,B03,100,320000,0.458,2.53,0.1268,40572
100,B - Access Causeway,B04,100,320000,0.458,2.53,0.1269,40613
100,B - Access Causeway,B05,100,320000,0.458,2.53,0.1271,40669
100,C - Inland Arterial,C01,100,200000,0.003,0.00,0.0000,0
100,C - Inland Arterial,C02,100,200000,0.003,0.00,0.0000,0
100,C - Inland Arterial,C03,100,200000,0.003,0.00,0.0000,0
100,C - Inland Arterial,C04,100,200000,0.003,0.00,0.0000,0
100,C - Inland Arterial,C05,100,200000,0.003,0.00,0.0000,0
100,C - Inland Arterial,C06,100,200000,0.004,0.00,0.0000,0
100,C - Inland Arterial,C07,100,200000,0.004,0.00,0.0000,0
100,C - Inland Arterial,C08,100,200000,0.003,0.00,0.0000,0
100,C - Inland Arterial,C09,100,200000,0.003,0.00,0.0000,0
100,C - Inland Arterial,C10,100,200000,0.003,0.00,0.0000,0
100,C - Inland Arterial,C11,100,200000,0.003,0.00,0.0000,0
100,C - Inland Arterial,C12,100,200000,0.003,0.00,0.0000,0
200,A - Coastal Highway,A01,100,240000,0.259,1.78,0.0236,5659
200,A - Coastal Highway,A02,100,240000,0.259,1.78,0.0236,5658
200,A - Coastal Highway,A03,100,240000,0.259,1.78,0.0236,5657
200,A - Coastal Highway,A04,100,240000,0.259,1.78,0.0236,5658
200,A - Coastal Highway,A05,100,240000,0.259,1.77,0.0236,5658
200,A - Coastal Highway,A06,100,240000,0.259,15.26,0.0236,5655
200,A - Coastal Highway,A07,100,240000,0.259,15.26,0.0235,5651
200,A - Coastal Highway,A08,100,240000,0.259,1.77,0.0236,5653
200,A - Coastal Highway,A09,100,240000,0.259,1.77,0.0236,5653
200,A - Coastal Highway,A10,100,240000,0.259,1.77,0.0236,5654
200,A - Coastal Highway,A11,100,240000,0.259,1.77,0.0236,5654
200,A - Coastal Highway,A12,100,240000,0.259,1.77,0.0236,5654
200,B - Access Causeway,B01,100,320000,0.507,2.68,0.1533,49059
200,B - Access Causeway,B02,100,320000,0.507,2.67,0.1535,49116
200,B - Access Causeway,B03,100,320000,0.507,2.67,0.1536,49166
200,B - Access Causeway,B04,100,320000,0.508,2.67,0.1538,49214
200,B - Access Causeway,B05,100,320000,0.508,2.67,0.1540,49281
200,C - Inland Arterial,C01,100,200000,0.039,0.00,0.0000,0
200,C - Inland Arterial,C02,100,200000,0.039,0.00,0.0000,0
200,C - Inland Arterial,C03,100,200000,0.039,0.00,0.0000,0
200,C - Inland Arterial,C04,100,200000,0.039,0.00,0.0000,0
200,C - Inland Arterial,C05,100,200000,0.039,0.00,0.0000,0
200,C - Inland Arterial,C06,100,200000,0.039,0.00,0.0000,0
200,C - Inland Arterial,C07,100,200000,0.039,0.00,0.0000,0
200,C - Inland Arterial,C08,100,200000,0.039,0.00,0.0000,0
200,C - Inland Arterial,C09,100,200000,0.039,0.00,0.0000,0
200,C - Inland Arterial,C10,100,200000,0.039,0.00,0.0000,0
200,C - Inland Arterial,C11,100,200000,0.040,0.00,0.0000,0
200,C - Inland Arterial,C12,100,200000,0.040,0.00,0.0000,0
350,A - Coastal Highway,A01,100,240000,0.294,1.93,0.0375,8999
350,A - Coastal Highway,A02,100,240000,0.294,1.93,0.0375,8999
350,A - Coastal Highway,A03,100,240000,0.294,1.93,0.0375,9004
350,A - Coastal Highway,A04,100,240000,0.294,1.93,0.0375,9004
350,A - Coastal Highway,A05,100,240000,0.294,1.92,0.0375,9001
350,A - Coastal Highway,A06,100,240000,0.294,15.27,0.0375,8998
350,A - Coastal Highway,A07,100,240000,0.294,15.27,0.0375,8995
350,A - Coastal Highway,A08,100,240000,0.294,1.92,0.0375,8996
350,A - Coastal Highway,A09,100,240000,0.294,1.92,0.0375,8997
350,A - Coastal Highway,A10,100,240000,0.294,1.92,0.0375,8997
350,A - Coastal Highway,A11,100,240000,0.294,1.92,0.0375,8998
350,A - Coastal Highway,A12,100,240000,0.294,1.92,0.0375,8998
350,B - Access Causeway,B01,100,320000,0.542,2.78,0.1712,54789
350,B - Access Causeway,B02,100,320000,0.543,2.76,0.1713,54819
350,B - Access Causeway,B03,100,320000,0.543,2.77,0.1714,54848
350,B - Access Causeway,B04,100,320000,0.543,2.77,0.1715,54879
350,B - Access Causeway,B05,100,320000,0.543,2.76,0.1716,54923
350,C - Inland Arterial,C01,100,200000,0.063,0.53,0.0000,0
350,C - Inland Arterial,C02,100,200000,0.064,0.53,0.0000,0
350,C - Inland Arterial,C03,100,200000,0.064,0.53,0.0000,0
350,C - Inland Arterial,C04,100,200000,0.064,0.53,0.0000,0
350,C - Inland Arterial,C05,100,200000,0.064,0.53,0.0000,0
350,C - Inland Arterial,C06,100,200000,0.063,0.52,0.0000,0
350,C - Inland Arterial,C07,100,200000,0.062,0.51,0.0000,0
350,C - Inland Arterial,C08,100,200000,0.063,0.51,0.0000,0
350,C - Inland Arterial,C09,100,200000,0.064,0.52,0.0000,0
350,C - Inland Arterial,C10,100,200000,0.065,0.53,0.0000,0
350,C - Inland Arterial,C11,100,200000,0.065,0.54,0.0000,0
350,C - Inland Arterial,C12,100,200000,0.065,0.54,0.0000,0
500,A - Coastal Highway,A01,100,240000,0.315,2.01,0.0480,11515
500,A - Coastal Highway,A02,100,240000,0.315,2.01,0.0480,11515
500,A - Coastal Highway,A03,100,240000,0.315,2.01,0.0480,11517
500,A - Coastal Highway,A04,100,240000,0.315,2.01,0.0480,11519
500,A - Coastal Highway,A05,100,240000,0.315,2.00,0.0480,11518
500,A - Coastal Highway,A06,100,240000,0.315,15.28,0.0480,11518
500,A - Coastal Highway,A07,100,240000,0.315,15.28,0.0480,11516
500,A - Coastal Highway,A08,100,240000,0.315,2.00,0.0480,11517
500,A - Coastal Highway,A09,100,240000,0.315,2.01,0.0480,11519
500,A - Coastal Highway,A10,100,240000,0.315,2.01,0.0480,11520
500,A - Coastal Highway,A11,100,240000,0.315,2.01,0.0480,11521
500,A - Coastal Highway,A12,100,240000,0.315,2.01,0.0480,11521
500,B - Access Causeway,B01,100,320000,0.564,2.83,0.1821,58256
500,B - Access Causeway,B02,100,320000,0.564,2.82,0.1821,58270
500,B - Access Causeway,B03,100,320000,0.564,2.82,0.1821,58282
500,B - Access Causeway,B04,100,320000,0.564,2.82,0.1822,58291
500,B - Access Causeway,B05,100,320000,0.564,2.82,0.1822,58303
500,C - Inland Arterial,C01,100,200000,0.081,0.81,0.0000,0
500,C - Inland Arterial,C02,100,200000,0.081,0.81,0.0000,0
500,C - Inland Arterial,C03,100,200000,0.080,0.81,0.0000,0
500,C - Inland Arterial,C04,100,200000,0.080,0.81,0.0000,0
500,C - Inland Arterial,C05,100,200000,0.080,0.81,0.0000,0
500,C - Inland Arterial,C06,100,200000,0.079,0.80,0.0000,0
500,C - Inland Arterial,C07,100,200000,0.077,0.79,0.0000,0
500,C - Inland Arterial,C08,100,200000,0.078,0.79,0.0000,0
500,C - Inland Arterial,C09,100,200000,0.080,0.80,0.0000,0
500,C - Inland Arterial,C10,100,200000,0.081,0.80,0.0000,0
500,C - Inland Arterial,C11,100,200000,0.082,0.80,0.0000,0
500,C - Inland Arterial,C12,100,200000,0.083,0.81,0.0000,0
